"CustomerID","CustomerName","DeliveryAddressLine2","DeliveryAddressLine1","CityName","StateProvinceCode"
"841","Camille Authier","516 Bojin Road","Shop 10","Abbottsburg","NC"
"83","Tailspin Toys (Absecon, NJ)","1161 Chang Lane","Unit 148","Absecon","NJ"
"595","Wingtip Toys (Accomac, VA)","1268 Gonzales Road","Shop 65","Accomac","VA"
"84","Tailspin Toys (Aceitunas, PR)","328 Bhat Street","Suite 243","Aceitunas","PR"
"38","Tailspin Toys (Airport Drive, MO)","232 Abbasi Avenue","Unit 115","Airport Drive","MO"
"537","Wingtip Toys (Akhiok, AK)","1280 Tran Boulevard","Unit 246","Akhiok","AK"
"853","Caterina Pinto","1278 Lam Street","Suite 13","Akhiok","AK"
"1084","Damla Yavuz","1275 Chetana Lane","Shop 16","Alamo","IN"
"589","Wingtip Toys (Alcester, SD)","631 Valbe Boulevard","Shop 273","Alcester","SD"
"892","Bahaar Asef zade","1759 Srbova Crescent","Shop 30","Alden Bridge","LA"
"91","Tailspin Toys (Alstead, NH)","520 Walkky Boulevard","Suite 50","Alstead","NH"
"566","Wingtip Toys (Amado, AZ)","593 Mokkapati Road","Unit 175","Amado","AZ"
"44","Tailspin Toys (Amanda Park, WA)","254 Celmina Street","Unit 117","Amanda Park","WA"
"85","Tailspin Toys (Andrix, CO)","1155 Antunes Crescent","Shop 173","Andrix","CO"
"125","Tailspin Toys (Annamoriah, WV)","1394 Ankitham Crescent","Unit 280","Annamoriah","WV"
"151","Tailspin Toys (Antares, AZ)","307 Raju Street","Unit 148","Antares","AZ"
"199","Tailspin Toys (Antonito, CO)","487 Rusl Street","Shop 109","Antonito","CO"
"155","Tailspin Toys (Arbor Vitae, WI)","234 Benda Crescent","Suite 45","Arbor Vitae","WI"
"889","Sointu Savonheimo","1606 Lill Avenue","Suite 9","Argusville","ND"
"42","Tailspin Toys (Arietta, NY)","474 Tran Lane","Unit 61","Arietta","NY"
"178","Tailspin Toys (Armstrong Creek, WI)","902 Rozitis Crescent","Suite 139","Armstrong Creek","WI"
"141","Tailspin Toys (Arrow Rock, MO)","1190 Syme Street","Shop 181","Arrow Rock","MO"
"968","Anca Gogean","198 Brasseur Avenue","Shop 14","Arrowbear Lake","CA"
"961","Rani Ganguly","1552 Srbova Road","Unit 23","Arrowhead Highlands","CA"
"440","Wingtip Toys (Asher, OK)","1277 Almeida Street","Suite 121","Asher","OK"
"1030","Chompoo Atitarn","1605 Anuj Avenue","Unit 16","Ashland","NH"
"143","Tailspin Toys (Ashtabula, OH)","612 Gill Crescent","Shop 237","Ashtabula","OH"
"161","Tailspin Toys (Aspen Park, CO)","1611 Alfred Lane","Unit 227","Aspen Park","CO"
"174","Tailspin Toys (Astor Park, FL)","440 Spousta Street","Unit 37","Astor Park","FL"
"427","Wingtip Toys (Athol Springs, NY)","840 Rezaei Lane","Shop 205","Athol Springs","NY"
"25","Tailspin Toys (Avenal, CA)","1143 Caune Crescent","Shop 37","Avenal","CA"
"854","Daakshaayaani Kommineni","987 Nadar Boulevard","Unit 14","Bakers Mill","FL"
"423","Wingtip Toys (Baldwin City, KS)","295 Rosberg Avenue","Unit 30","Baldwin City","KS"
"433","Wingtip Toys (Balko, OK)","430 Paulet Crescent","Shop 262","Balko","OK"
"148","Tailspin Toys (Baraboo, WI)","1951 Rozitis Lane","Unit 170","Baraboo","WI"
"1036","Erik Malk","923 Gilbert Avenue","Suite 18","Basin","MT"
"15","Tailspin Toys (Batson, TX)","671 Mudigonda Boulevard","Shop 124","Batson","TX"
"913","Violetta KlanCisar","130 Molnar Avenue","Shop 25","Bayou Cane","LA"
"824","Risto Valbe","530 Kellnerova Lane","Suite 22","Bazemore","AL"
"490","Wingtip Toys (Beals, ME)","327 Trivedi Lane","Shop 61","Beals","ME"
"864","Mikhail Degtyarev","411 Ganguly Lane","Unit 3","Beaver Bay","MN"
"526","Wingtip Toys (Beekmantown, NY)","285 Kovacevic Boulevard","Unit 152","Beekmantown","NY"
"146","Tailspin Toys (Belgreen, AL)","469 Formanek Street","Suite 118","Belgreen","AL"
"578","Wingtip Toys (Bell Acres, PA)","1761 Nastase Avenue","Suite 8","Bell Acres","PA"
"857","Clarissa Manfrin","298 Benipal Road","Shop 17","Ben Arnold","TX"
"509","Wingtip Toys (Bergen Park, CO)","1737 Cheema Avenue","Unit 234","Bergen Park","CO"
"981","Mahmut ozbek","662 Ornlamai Boulevard","Unit 5","Bernardston","MA"
"108","Tailspin Toys (Bernie, MO)","848 Kommineni Street","Unit 142","Bernie","MO"
"410","Wingtip Toys (Bernstein, TX)","1921 Bose Boulevard","Shop 130","Bernstein","TX"
"443","Wingtip Toys (Berville, MI)","824 Padilla Crescent","Unit 38","Berville","MI"
"115","Tailspin Toys (Bethania, NC)","49 Vitols Crescent","Unit 281","Bethania","NC"
"425","Wingtip Toys (Bethel Acres, OK)","631 Zahradnicek Avenue","Shop 203","Bethel Acres","OK"
"81","Tailspin Toys (Big Moose, NY)","274 Poddar Lane","Suite 157","Big Moose","NY"
"1034","Aishwarya Dantuluri","1167 Femke Lane","Suite 13","Biggs","CA"
"1022","Nadir Seddigh","283 Panit Road","Shop 30","Biorka","AK"
"492","Wingtip Toys (Birds, IL)","520 Matos Lane","Shop 146","Birds","IL"
"12","Tailspin Toys (Biscay, MN)","413 Keskkula Lane","Suite 67","Biscay","MN"
"402","Wingtip Toys (Black Lick, PA)","581 Koppel Lane","Shop 64","Black Lick","PA"
"840","Rodrigo Figueiredo","1155 Kanepa Road","Unit 23","Blackville","SC"
"818","Liia Orav","1077 Gunes Boulevard","Unit 16","Bladenboro","NC"
"495","Wingtip Toys (Boalsburg, PA)","122 ozcan Lane","Suite 185","Boalsburg","PA"
"905","Sara Huiting","1476 Poddar Lane","Shop 30","Bock","MN"
"474","Wingtip Toys (Bokeelia, FL)","1019 Hoa Avenue","Shop 102","Bokeelia","FL"
"960","Edgar Jogi","1317 Desforges Street","Shop 6","Bombay Beach","CA"
"485","Wingtip Toys (Bonner Springs, KS)","1632 Bose Street","Suite 14","Bonner Springs","KS"
"405","Wingtip Toys (Bourbonnais, IL)","510 Dumina Boulevard","Suite 139","Bourbonnais","IL"
"558","Wingtip Toys (Bourneville, OH)","158 Lieu Lane","Unit 10","Bourneville","OH"
"8","Tailspin Toys (Bow Mar, CO)","752 Shaker Doust Boulevard","Shop 282","Bow Mar","CO"
"955","Raghu Sandhu","459 Popov Lane","Suite 22","Bowleys Quarters","MD"
"27","Tailspin Toys (Bowlus, MN)","575 Pandit Crescent","Shop 13","Bowlus","MN"
"1056","Kalyani Benjaree","429 Viljo Lane","Shop 20","Bowmansville","NY"
"33","Tailspin Toys (Boyden Arbor, SC)","799 Karnik Boulevard","Shop 151","Boyden Arbor","SC"
"519","Wingtip Toys (Boynton, OK)","710 Rahimi Avenue","Shop 23","Boynton","OK"
"412","Wingtip Toys (Bozeman Hot Springs, MT)","1639 Deb Lane","Suite 252","Bozeman Hot Springs","MT"
"817","Agrita Kanepa","1482 Ibrahimagic Street","Unit 7","Branchburg Park","NJ"
"508","Wingtip Toys (Branson West, MO)","1633 Sonkar Boulevard","Suite 173","Branson West","MO"
"120","Tailspin Toys (Bratenahl, OH)","889 Usenuly Street","Unit 149","Bratenahl","OH"
"970","Isidora Urias","900 Cu Avenue","Suite 16","Bratt","FL"
"1023","Farzana Habibi","430 Mina Street","Suite 12","Brookville","IN"
"544","Wingtip Toys (Broomtown, AL)","1028 Carrillo Boulevard","Unit 39","Broomtown","AL"
"187","Tailspin Toys (Brown City, MI)","1297 Hrdlickova Boulevard","Suite 85","Brown City","MI"
"523","Wingtip Toys (Bruceton Mills, WV)","36 Klaus Boulevard","Shop 64","Bruceton Mills","WV"
"915","Ana Florea","1898 Pokorna Boulevard","Shop 3","Buchanan Lake Village","TX"
"198","Tailspin Toys (Buell, MO)","804 Nantakarn Road","Shop 35","Buell","MO"
"1024","Arka Chatterjee","1644 Archer Lane","Unit 13","Byers","CO"
"584","Wingtip Toys (Cache, OK)","75 Min Road","Unit 250","Cache","OK"
"437","Wingtip Toys (Cadogan, PA)","1266 Aggarwal Road","Shop 111","Cadogan","PA"
"475","Wingtip Toys (Cale, AR)","1235 Oh Crescent","Unit 12","Cale","AR"
"927","Matyas Sedlar","603 Nechita Road","Shop 31","Calvert City","KY"
"1080","Carol Antonescu","1394 Manish Crescent","Suite 7","Camargo","KY"
"802","Cosmina Vlad","908 Nadar Lane","Suite 9","Ca?on","NM"
"899","Chin-Sun Chang","1417 Mercier Boulevard","Suite 2","Capa","SD"
"504","Wingtip Toys (Cape Neddick, ME)","1369 Atluri Crescent","Shop 186","Cape Neddick","ME"
"137","Tailspin Toys (Carbonville, UT)","931 Han Crescent","Suite 272","Carbonville","UT"
"600","Wingtip Toys (Caro, MI)","489 Ganguly Road","Unit 159","Caro","MI"
"906","Ajitaab Pakalapati","1892 Clark Avenue","Shop 11","Caruthers","CA"
"180","Tailspin Toys (Caselton, NV)","1839 Hadrabova Crescent","Suite 206","Caselton","NV"
"821","Kwanjai Saowaluk","643 Logan Lane","Shop 24","Cata?o","PR"
"1000","Krishnam Allu","1253 Rahimi Lane","Unit 20","Catesby","OK"
"482","Wingtip Toys (Caton, NY)","1187 Baruah Crescent","Unit 122","Caton","NY"
"887","Baran Jonsson","1349 Lukstina Road","Shop 9","Cave Junction","OR"
"501","Wingtip Toys (Cavendish, VT)","62 Berggren Road","Shop 295","Cavendish","VT"
"1094","Rabindra Kaul","1046 GokCe Avenue","Shop 2","Central Point","VA"
"831","Bhaavan Rai","387 Heikkinen Boulevard","Shop 28","Chalco","NE"
"547","Wingtip Toys (Chaseley, ND)","1666 Semjonov Lane","Suite 211","Chaseley","ND"
"862","Lana Goransson","1818 Buecek Boulevard","Suite 27","Chateaugay","NY"
"1012","Urve Kasesalu","987 Amarendra Road","Unit 17","Cherokee","IA"
"114","Tailspin Toys (Cherry Grove Beach, SC)","406 Malakar Lane","Unit 9","Cherry Grove Beach","SC"
"943","Drazenka Jelic","1577 Lam Lane","Unit 23","Cherry Grove Beach","SC"
"577","Wingtip Toys (Cherryplain, NY)","1688 Madhunapantula Avenue","Shop 170","Cherryplain","NY"
"417","Wingtip Toys (Chetek, WI)","310 Benipal Lane","Shop 144","Chetek","WI"
"94","Tailspin Toys (Cheyenne Wells, CO)","617 Pornpipatpong Lane","Unit 150","Cheyenne Wells","CO"
"966","Sara Walkky","934 Borgen Street","Shop 29","Chipita Park","CO"
"1020","Hai Banh","1983 Chandrakanta Street","Shop 24","Claremont","NC"
"525","Wingtip Toys (Claycomo, MO)","1668 Nechita Boulevard","Suite 255","Claycomo","MO"
"93","Tailspin Toys (Clewiston, FL)","351 Lill Crescent","Suite 80","Clewiston","FL"
"524","Wingtip Toys (Cloquet, MN)","336 Kasesalu Lane","Unit 271","Cloquet","MN"
"997","Nada Ana Slosar","1746 Das Avenue","Unit 7","Cloud Lake","FL"
"909","Dena Glissen","1331 Sen Street","Unit 13","Coffeyville","KS"
"447","Wingtip Toys (Coin, IA)","1197 Nastase Avenue","Unit 133","Coin","IA"
"73","Tailspin Toys (Cokato, MN)","591 Avotina Road","Shop 194","Cokato","MN"
"458","Wingtip Toys (Coker, AL)","1813 Koppel Crescent","Shop 23","Coker","AL"
"1043","Raj Verma","678 Sang Crescent","Shop 9","Colebrook","CT"
"20","Tailspin Toys (College Place, WA)","1536 Bhutia Avenue","Shop 151","College Place","WA"
"1086","Angelica Nilsson","1698 Ceyhun Road","Suite 21","Colonial Heights","TN"
"419","Wingtip Toys (Compass Lake, FL)","1050 Tu Boulevard","Suite 150","Compass Lake","FL"
"879","Jitka Necesana","1511 Ilic Boulevard","Suite 10","Conesus Lake","NY"
"921","Victoria Lacusta","415 Omidzadeh Road","Suite 12","Conewango","NY"
"16","Tailspin Toys (Coney Island, MO)","27 Vidovic Boulevard","Suite 111","Coney Island","MO"
"579","Wingtip Toys (Connoquenessing, PA)","854 Kotadia Crescent","Suite 199","Connoquenessing","PA"
"979","Melani Ravlen","340 Lucchesi Street","Unit 7","Cookietown","OK"
"852","Bhagavaan Atluri","1382 Wintle Road","Suite 16","Coosa","GA"
"1002","Stefan Selezeanu","1683 Zala Avenue","Unit 2","Copake","NY"
"454","Wingtip Toys (Corcovado, PR)","1924 Spousta Lane","Suite 191","Corcovado","PR"
"150","Tailspin Toys (Corfu, NY)","1989 Utjesenovic Road","Suite 153","Corfu","NY"
"1017","David Novacek ","588 Danielle  Lane","Shop 10","Corryton","TN"
"72","Tailspin Toys (Cortaro, AZ)","1809 Ioveanu Lane","Suite 231","Cortaro","AZ"
"1070","Prasad Raju","1308 Baanuraekha Road","Suite 17","Cortland","NY"
"596","Wingtip Toys (Cos Cob, CT)","1014 Wattanasin Avenue","Suite 283","Cos Cob","CT"
"896","Leonardo Folliero","349 Berggren Street","Unit 22","Cotuit","MA"
"876","Marie LeBatelier","1178 Persson Boulevard","Unit 19","Coupland","TX"
"463","Wingtip Toys (Cowlington, OK)","521 Arslan Street","Shop 57","Cowlington","OK"
"868","Laura Sykorova","1225 Gormanston Boulevard","Shop 2","Coyville","KS"
"930","Shantanu Huq","1274 Lundin Street","Shop 27","Cramerton","NC"
"160","Tailspin Toys (Crary, ND)","522 Longo Lane","Suite 181","Crary","ND"
"848","Alvin Bollinger","1091 KlanCisar Crescent","Suite 31","Creelsboro","KY"
"462","Wingtip Toys (Crossroads, NM)","1925 Ankitham Road","Unit 288","Crossroads","NM"
"101","Tailspin Toys (Cundiyo, NM)","1940 Shim Avenue","Suite 117","Cundiyo","NM"
"991","Valter Viiding","129 Jo Road","Suite 10","Cuyahoga Heights","OH"
"593","Wingtip Toys (Cuyamungue, NM)","1342 Gajula Boulevard","Suite 51","Cuyamungue","NM"
"439","Wingtip Toys (Cylon, WI)","1673 Pokorna Avenue","Suite 36","Cylon","WI"
"894","Gabriela Hernandes","632 Sokk Lane","Suite 31","Cypress Quarters","FL"
"445","Wingtip Toys (Dacono, CO)","541 Shergill Street","Shop 54","Dacono","CO"
"113","Tailspin Toys (Dahlia, NM)","1566 Holy Road","Shop 52","Dahlia","NM"
"34","Tailspin Toys (Dallardsville, TX)","1734 Jovicevic Crescent","Unit 103","Dallardsville","TX"
"903","Bing Han","1170 Nguyen Avenue","Unit 29","Darling","MS"
"1010","Serdar ozCelik","473 Mani Avenue","Unit 2","Dawn","TX"
"842","Biju Deb","1104 Podnieks Road","Suite 20","Deer River","MN"
"538","Wingtip Toys (Deeson, MS)","391 Lanctot Lane","Unit 247","Deeson","MS"
"515","Wingtip Toys (Del Valle, TX)","1064 Vulpes Street","Shop 21","Del Valle","TX"
"449","Wingtip Toys (Delray, WV)","1400 Kongpaisarn Street","Suite 120","Delray","WV"
"1095","Ramesh Das","1134 Lekha Lane","Suite 17","Denmark","KS"
"816","Harsha Huq","868 Prikrylova Street","Suite 13","Dennis Acres","MO"
"11","Tailspin Toys (Devault, PA)","1432 Pullela Street","Unit 250","Devault","PA"
"39","Tailspin Toys (Diablock, KY)","282 Barajas Street","Shop 240","Diablock","KY"
"522","Wingtip Toys (Dickerson, MD)","1760 Gummadi Road","Unit 116","Dickerson","MD"
"599","Wingtip Toys (Dickworsham, TX)","811 Benjaree Road","Unit 210","Dickworsham","TX"
"1014","Narendra Tickoo","1608 Volkan Boulevard","Shop 13","Dillon","SC"
"158","Tailspin Toys (Donner, LA)","299 Gill Boulevard","Suite 255","Donner","LA"
"1001","Dinh Mai","1787 Hele Avenue","Suite 22","Dorchester","TX"
"1029","Veronika Necesana","767 Gopalgobinda Crescent","Shop 10","Dover","MN"
"507","Wingtip Toys (Downingtown, PA)","1353 Y??lmaz Street","Unit 25","Downingtown","PA"
"88","Tailspin Toys (Dracut, MA)","609 Sidhu Crescent","Shop 226","Dracut","MA"
"812","Celica Barajas","1997 Purins Lane","Suite 24","Drakesboro","KY"
"933","Joel Carrillo","227 Paruchuri Boulevard","Unit 18","Drumright","OK"
"856","Satish Mittal","972 Vassiljev Street","Shop 13","Dry Run","PA"
"901","Adrian Andreasson","837 Walker Road","Unit 21","Du Quoin","IL"
"24","Tailspin Toys (Dundarrach, NC)","818 Paulet Avenue","Shop 181","Dundarrach","NC"
"592","Wingtip Toys (Dunkerton, IA)","30 Mitra Street","Suite 226","Dunkerton","IA"
"863","Jakub Lukes","1501 Tuntayakul Crescent","Shop 9","Eagle Valley","NY"
"60","Tailspin Toys (East Dailey, WV)","838 Lucescu Street","Unit 188","East Dailey","WV"
"17","Tailspin Toys (East Fultonham, OH)","224 Hinojosa Road","Unit 278","East Fultonham","OH"
"499","Wingtip Toys (East Fultonham, OH)","1046 Saucier Road","Shop 20","East Fultonham","OH"
"530","Wingtip Toys (East Mountain, TX)","1636 Monty Road","Unit 249","East Mountain","TX"
"128","Tailspin Toys (East Portal, CO)","999 Kasesalu Road","Shop 92","East Portal","CO"
"170","Tailspin Toys (Eastchester, NY)","1568 Srisati Boulevard","Unit 109","Eastchester","NY"
"154","Tailspin Toys (Eden Valley, MN)","226 Auzina Lane","Unit 248","Eden Valley","MN"
"59","Tailspin Toys (Edgartown, MA)","659 Hybl Boulevard","Suite 157","Edgartown","MA"
"959","Dhaatri Chavva","438 Desforges Road","Suite 4","Edgecomb","ME"
"411","Wingtip Toys (Edmund, WI)","910 Hrdlickova Crescent","Suite 96","Edmund","WI"
"36","Tailspin Toys (Ekron, KY)","155 Goransson Lane","Shop 2","Ekron","KY"
"805","Ratan Poddar","1071 Goransson Crescent","Shop 16","Ekwok","AK"
"98","Tailspin Toys (El Centro, CA)","1437 Ahmadian Avenue","Unit 30","El Centro","CA"
"1071","Anurupa Mitra","948 Reigo Avenue","Unit 24","El Granada","CA"
"990","Andris Saulitis","370 Rallapalli Street","Unit 28","El Refugio","TX"
"829","Jack Walker","1188 Krastins Avenue","Shop 3","Elbing","KS"
"867","Jasna Cerkez","1004 Mukherjee Street","Unit 11","Elk Garden","WV"
"815","Libuse Valentova","1354 Szolosy Crescent","Unit 22","Elkatawa","KY"
"1075","Rene Saucier","1135 Pongrit Avenue","Unit 28","Ellis","NE"
"1059","Jibek Juniskyzy","80 Hudson Boulevard","Shop 23","Ellisville","IL"
"1062","Divyendu Sen","1095 Antonin Lane","Suite 5","Elora","TN"
"121","Tailspin Toys (Elrosa, MN)","835 Bach Crescent","Shop 251","Elrosa","MN"
"487","Wingtip Toys (Elverson, PA)","732 Nakhtare Boulevard","Unit 288","Elverson","PA"
"1078","Ivan Arenas","1305 Daniel Street","Suite 19","Emida","ID"
"928","Arijit Bhuiyan","1758 Naicker Boulevard","Shop 15","Esopus","NY"
"29","Tailspin Toys (Eulaton, AL)","1606 Ahmadian Road","Shop 16","Eulaton","AL"
"962","Bhagavati Vinjamuri","1774 Bohuslav Boulevard","Suite 22","Ewart","IA"
"860","Marcela Lucescu","201 Glissen Lane","Unit 5","Ewen","MI"
"61","Tailspin Toys (Fairfield Glade, TN)","1695 Hudecova Avenue","Shop 233","Fairfield Glade","TN"
"493","Wingtip Toys (Federalsburg, MD)","981 Cattaneo Road","Suite 249","Federalsburg","MD"
"536","Wingtip Toys (Ferney, SD)","289 Ahmadi Crescent","Shop 270","Ferney","SD"
"102","Tailspin Toys (Fieldbrook, CA)","1455 Grgic Crescent","Suite 287","Fieldbrook","CA"
"147","Tailspin Toys (Fishtail, MT)","469 Patel Avenue","Unit 49","Fishtail","MT"
"952","Chuan Wattanasin","1774 Yadav Crescent","Suite 8","Flanagan","IL"
"570","Wingtip Toys (Flomaton, AL)","145 Weitzer Boulevard","Suite 168","Flomaton","AL"
"1042","Nguyen Banh","1885 William Boulevard","Unit 7","Florahome","FL"
"473","Wingtip Toys (Floriston, CA)","229 Cao Lane","Suite 203","Floriston","CA"
"890","Olya Izmaylov","1129 Hulsegge Boulevard","Suite 4","Flowella","TX"
"923","Tai Bach","1831 Vulpes Crescent","Suite 14","Fortville","IN"
"126","Tailspin Toys (Francis Mills, NJ)","772 Naicker Road","Shop 167","Francis Mills","NJ"
"7","Tailspin Toys (Frankewing, TN)","904 Kellnerova Street","Shop 27","Frankewing","TN"
"520","Wingtip Toys (Frenchburg, KY)","1392 Tuntayakul Lane","Suite 169","Frenchburg","KY"
"1064","Aita Kasesalu","1058 Alinne Crescent","Unit 11","Fultonham","OH"
"140","Tailspin Toys (Furley, KS)","1096 Poursokh Crescent","Suite 199","Furley","KS"
"1019","Dhanishta Pullela","304 Olly Lane","Suite 6","Gallipolis Ferry","WV"
"68","Tailspin Toys (Gardere, LA)","1195 Rozitis Road","Unit 72","Gardere","LA"
"837","Anil Sarkar","747 Mihajlovik Boulevard","Shop 3","Gardners","PA"
"436","Wingtip Toys (Gargatha, VA)","1362 Gajula Road","Shop 233","Gargatha","VA"
"886","Debbie Molina","508 De Avenue","Suite 28","Garlin","KY"
"1077","Tereza Cermakova","774 Gopal Boulevard","Suite 7","Garrettsville","OH"
"5","Tailspin Toys (Gasport, NY)","1674 Skujins Boulevard","Unit 176","Gasport","NY"
"859","Shah Alizadeh","551 Linna Street","Shop 4","Gassaway","WV"
"1079","Kim-ly Vanh","1967 Am Boulevard","Unit 7","Germania","WI"
"514","Wingtip Toys (Gilford, NH)","231 Kaulina Street","Unit 20","Gilford","NH"
"477","Wingtip Toys (Glancy, MS)","856 Sarkar Street","Shop 232","Glancy","MS"
"107","Tailspin Toys (Glen Avon, CA)","917 Morgan Boulevard","Unit 32","Glen Avon","CA"
"162","Tailspin Toys (Glen Park, NY)","1219 Van Groesen Avenue","Unit 69","Glen Park","NY"
"464","Wingtip Toys (Glen Ullin, ND)","710 Barbosa Lane","Unit 91","Glen Ullin","ND"
"832","Aakriti Byrraju","1345 Jun Avenue","Suite 24","Glenwillow","OH"
"18","Tailspin Toys (Goffstown, NH)","1822 Gruber Lane","Unit 166","Goffstown","NH"
"910","Elina Kaleja","469 Valbe Road","Unit 18","Golden Meadow","LA"
"935","Daevasree Samavedam","1690 Poddar Avenue","Suite 25","Golf View","NJ"
"71","Tailspin Toys (Good Hart, MI)","2001 Rajanala Road","Shop 80","Good Hart","MI"
"576","Wingtip Toys (Goodings Grove, IL)","1428 Mercier Avenue","Shop 156","Goodings Grove","IL"
"1087","Nhung Ton","434 Ranjeet Crescent","Shop 12","Goodrich","MI"
"510","Wingtip Toys (Grabill, IN)","1015 Chowdary Boulevard","Suite 187","Grabill","IN"
"983","Sabine Alksne","767 Jun Avenue","Unit 27","Grannis","AR"
"985","Roko Ilic","1653 Huq Crescent","Unit 17","Grantsburg","WI"
"1046","Christian Couet","315 Caterina Lane","Unit 29","Great Neck","NY"
"62","Tailspin Toys (Great Neck Estates, NY)","551 Enestam Crescent","Shop 263","Great Neck Estates","NY"
"839","Juan Morse","51 Nechita Crescent","Suite 13","Greenback","TN"
"1009","Bhagavateeprasaad Malladi","1386 Elnaz Avenue","Shop 18","Greenfield","AR"
"919","Kertu Sokk","965 Horackova Lane","Shop 11","Greig","NY"
"900","Lilli Sokk","793 Thai Boulevard","Suite 24","Gresston","GA"
"1018","Nils Kaulins","432 Ebru Road","Unit 13","Greycliff","MT"
"888","Jai Lamble","1957 Pena Lane","Suite 3","Grider","AR"
"529","Wingtip Toys (Griswoldville, GA)","1281 Kalejs Crescent","Suite 270","Griswoldville","GA"
"99","Tailspin Toys (Guin, AL)","1742 Bender Boulevard","Unit 92","Guin","AL"
"55","Tailspin Toys (Gum Branch, GA)","1500 Utjesenovic Lane","Suite 220","Gum Branch","GA"
"984","Kamala Nishad","1233 Jantunen Street","Suite 5","Haddon Heights","NJ"
"77","Tailspin Toys (Hahira, GA)","1675 Ribeiro Street","Unit 176","Hahira","GA"
"849","Sabine Zalite","1924 Shim Avenue","Shop 11","Haltom City","TX"
"50","Tailspin Toys (Hambleton, WV)","1715 Samaniego Street","Unit 257","Hambleton","WV"
"967","Meera Patel","1034 Kellnerova Boulevard","Shop 9","Hanaford","IL"
"1013","Annette  Hetu","1595 Anima Avenue","Unit 30","Hanna","OK"
"124","Tailspin Toys (Hanoverton, OH)","1419 Hadrabova Avenue","Suite 157","Hanoverton","OH"
"908","Sumati Bhat","885 Das Street","Shop 13","Harbour Pointe","WA"
"139","Tailspin Toys (Hardeeville, SC)","478 KlanCisar Lane","Shop 31","Hardeeville","SC"
"516","Wingtip Toys (Harkers Island, NC)","726 Matos Lane","Shop 216","Harkers Island","NC"
"1093","Luca Barese","724 Sointu Avenue","Unit 2","Havelock","IA"
"944","Ida Celma","893 Habibi Lane","Suite 28","Hawarden","IA"
"597","Wingtip Toys (Haycock, AK)","796 Zvaigzne Boulevard","Suite 183","Haycock","AK"
"459","Wingtip Toys (Haydenville, OH)","801 Dzene Street","Shop 69","Haydenville","OH"
"182","Tailspin Toys (Hayes Center, NE)","1059 Kamasamudram Avenue","Shop 190","Hayes Center","NE"
"424","Wingtip Toys (Heartwell, NE)","1910 Stavinohova Crescent","Unit 77","Heartwell","NE"
"26","Tailspin Toys (Hedrick, IA)","1022 Folliero Street","Shop 119","Hedrick","IA"
"181","Tailspin Toys (Heilwood, PA)","1846 Hudecova Crescent","Suite 25","Heilwood","PA"
"553","Wingtip Toys (Helotes, TX)","1534 Milano Lane","Unit 237","Helotes","TX"
"420","Wingtip Toys (Herlong, CA)","1386 Lucescu Lane","Suite 127","Herlong","CA"
"421","Wingtip Toys (Highland Home, AL)","1985 Flamand Lane","Unit 17","Highland Home","AL"
"924","Eva Schulteisz","1783 Escobar Crescent","Shop 11","Hightsville","NC"
"179","Tailspin Toys (Hiteman, IA)","284 Paulet Street","Unit 138","Hiteman","IA"
"64","Tailspin Toys (Hodgdon, ME)","967 Alizadeh Boulevard","Shop 133","Hodgdon","ME"
"1003","Hue Ton","1634 Eugen Lane","Unit 17","Holden Beach","NC"
"554","Wingtip Toys (Hollandsburg, IN)","1014 Shuler Avenue","Unit 234","Hollandsburg","IN"
"156","Tailspin Toys (Hollywood Park, TX)","1948 Podnieks Road","Unit 178","Hollywood Park","TX"
"1083","Essie Braggs","49 Taj Crescent","Shop 15","Holton","IN"
"442","Wingtip Toys (Homer City, PA)","1993 TunC Street","Suite 149","Homer City","PA"
"196","Tailspin Toys (Howells, NE)","6 Nandamuri Road","Unit 241","Howells","NE"
"855","Anna Mazzanti","1552 Johansson Lane","Shop 31","Humansville","MO"
"551","Wingtip Toys (Huntingburg, IN)","833 Pasek Boulevard","Unit 7","Huntingburg","IN"
"950","Emily Whittle","1108 Enestam Crescent","Unit 6","Huntington Woods","MI"
"1072","Fatima Pulido","1485 Linh Street","Shop 12","Icard","NC"
"591","Wingtip Toys (Idaho City, ID)","1817 Abola Lane","Shop 259","Idaho City","ID"
"52","Tailspin Toys (Idria, CA)","1189 Malakar Road","Shop 99","Idria","CA"
"23","Tailspin Toys (Ikatan, AK)","1467 Chang Lane","Unit 300","Ikatan","AK"
"971","Dhanishta Mokkapati","1827 Kustrin Boulevard","Shop 23","Iliamna","AK"
"51","Tailspin Toys (Imlaystown, NJ)","1305 Kaleja Street","Suite 12","Imlaystown","NJ"
"40","Tailspin Toys (Impact, TX)","760 Trung Crescent","Unit 249","Impact","TX"
"548","Wingtip Toys (Indian Creek, IL)","63 Celmina Road","Unit 40","Indian Creek","IL"
"74","Tailspin Toys (Indios, PR)","519 Jogi Street","Unit 50","Indios","PR"
"149","Tailspin Toys (Inguadona, MN)","196 Kubat Street","Suite 157","Inguadona","MN"
"488","Wingtip Toys (Isabela, PR)","1211 Mazumdar Avenue","Shop 110","Isabela","PR"
"1051","Sylvie Laramee","1279 Annette Crescent","Shop 16","Isabela","PR"
"527","Wingtip Toys (Islip Terrace, NY)","1820 Sedlar Crescent","Suite 7","Islip Terrace","NY"
"545","Wingtip Toys (Jamison, IA)","1984 Esposito Road","Unit 90","Jamison","IA"
"948","Richard Zahradnicek","401 Bhowmick Avenue","Shop 7","Jane","MO"
"46","Tailspin Toys (Jemison, AL)","589 Sagese Lane","Suite 31","Jemison","AL"
"567","Wingtip Toys (Jeromesville, OH)","1876 Bhamidipati Crescent","Suite 42","Jeromesville","OH"
"951","Eliza Persson","1520 Auzina Lane","Unit 16","Jesmond Dene","CA"
"6","Tailspin Toys (Jessie, ND)","483 Raut Lane","Shop 196","Jessie","ND"
"469","Wingtip Toys (Johnetta, KY)","1314 Arvidsson Boulevard","Unit 280","Johnetta","KY"
"823","Francisca Laureano","266 Shenoy Road","Unit 9","Jolley","IA"
"949","Seo-yun Paik","493 Bjorklund Road","Suite 7","Jones Creek","TX"
"103","Tailspin Toys (Kalvesta, KS)","813 Habibi Lane","Unit 246","Kalvesta","KS"
"938","Anna Gyarmathi","809 Alva Boulevard","Suite 15","Kannapolis","NC"
"598","Wingtip Toys (Kapa'a, HI)","207 Negi Lane","Unit 219","Kapa'a","HI"
"476","Wingtip Toys (Karthaus, PA)","272 Stojkovic Avenue","Suite 106","Karthaus","PA"
"441","Wingtip Toys (Keosauqua, IA)","830 Sal Crescent","Suite 292","Keosauqua","IA"
"37","Tailspin Toys (Kerby, OR)","339 Dwivedi Lane","Unit 16","Kerby","OR"
"546","Wingtip Toys (Key Biscayne, FL)","1642 Jantunen Crescent","Shop 226","Key Biscayne","FL"
"865","Bijoya Thakur","1509 Dzene Avenue","Unit 17","Kinder","LA"
"142","Tailspin Toys (King Cove, AK)","433 Reddy Street","Suite 268","King Cove","AK"
"193","Tailspin Toys (Knifley, KY)","1591 Bhowmick Street","Shop 112","Knifley","KY"
"583","Wingtip Toys (Knights Landing, CA)","1404 Molnar Road","Suite 62","Knights Landing","CA"
"1033","Cuneyt Arslan","1400 Johanna Street","Unit 15","Komalty","OK"
"30","Tailspin Toys (Koontzville, WA)","1907 Naicker Boulevard","Suite 144","Koontzville","WA"
"974","Emil Roman","1301 Bhutia Street","Suite 13","Kopperl","TX"
"131","Tailspin Toys (Kwethluk, AK)","486 Spirlea Avenue","Shop 162","Kwethluk","AK"
"804","Aleksandrs Riekstins","498 Bagheri Lane","Shop 20","La Bolt","SD"
"82","Tailspin Toys (La Cueva, NM)","1708 Ankitham Street","Suite 166","La Cueva","NM"
"869","Abel Tatarescu","1432 Alksne Road","Suite 6","La Grange Park","IL"
"872","Katerina Hadrabova","1783 ozkan Boulevard","Shop 14","La Paz","IN"
"941","Bishwa Chatterjee","1466 Deilami Road","Unit 17","Lake Clarke Shores","FL"
"897","Allan Mannik","791 Lill Lane","Shop 26","Lake Crystal","MN"
"452","Wingtip Toys (Lake Davis, CA)","605 Roman Street","Suite 75","Lake Davis","CA"
"133","Tailspin Toys (Lake Erie Beach, NY)","1755 De Road","Unit 174","Lake Erie Beach","NY"
"47","Tailspin Toys (Lake Hughes, CA)","1371 Saarijarvi Avenue","Unit 91","Lake Hughes","CA"
"1039","Bhaamini Palagummi","1035 Clarissa Avenue","Unit 29","Lake Mohegan","NY"
"549","Wingtip Toys (Lake Ronkonkoma, NY)","576 Sedlar Road","Suite 131","Lake Ronkonkoma","NY"
"31","Tailspin Toys (Lake Stevens, WA)","1584 Hadrabova Street","Shop 238","Lake Stevens","WA"
"57","Tailspin Toys (Lakemore, OH)","1331 Dutta Crescent","Unit 136","Lakemore","OH"
"1047","Ivana Hadrabova","849 Kristophe  Street","Shop 12","Lancaster","NH"
"144","Tailspin Toys (Larose, LA)","859 Thota Lane","Suite 156","Larose","LA"
"844","Durdanah Abbasi","1489 Shetty Crescent","Shop 26","Laurence Harbor","NJ"
"95","Tailspin Toys (Lavon, TX)","771 Kidambi Road","Suite 258","Lavon","TX"
"415","Wingtip Toys (Leathersville, GA)","1555 Negi Crescent","Unit 77","Leathersville","GA"
"19","Tailspin Toys (Lemeta, AK)","1507 Izmaylov Crescent","Unit 174","Lemeta","AK"
"195","Tailspin Toys (Lesslie, SC)","1683 Stojkovic Crescent","Unit 180","Lesslie","SC"
"543","Wingtip Toys (Lexington Heights, MI)","390 Korjus Road","Shop 234","Lexington Heights","MI"
"555","Wingtip Toys (Liberty Grove, MD)","1754 Kaskar Avenue","Shop 177","Liberty Grove","MD"
"1052","Ian Olofsson","1327 Donald Street","Suite 24","Liberty Plain","MA"
"517","Wingtip Toys (Licking, MO)","279 Walkky Crescent","Shop 64","Licking","MO"
"429","Wingtip Toys (Lilbourn, MO)","435 Vladu Crescent","Shop 191","Lilbourn","MO"
"434","Wingtip Toys (Lime Lake, NY)","983 Cavalcante Street","Unit 111","Lime Lake","NY"
"1053","Luis Saucedo","117 Bhaagyalakshmi Road","Suite 23","Linden","TX"
"1","Tailspin Toys (Head Office)","1877 Mittal Road","Shop 38","Lisco","NE"
"972","Lakshmi Benipal","1017 Juniskyzy Boulevard","Suite 23","Lompoc","CA"
"1061","Agrita Abele","652 Victoria Lane","Shop 12","Long Beach","WA"
"14","Tailspin Toys (Long Meadow, MD)","151 Vasiljevic Road","Unit 221","Long Meadow","MD"
"988","Maksims Krastins","292 Desai Boulevard","Shop 23","Lorentz","WV"
"430","Wingtip Toys (Lost River, ID)","506 Dikshit Lane","Unit 63","Lost River","ID"
"563","Wingtip Toys (Lostine, OR)","931 Mitra Lane","Shop 82","Lostine","OR"
"486","Wingtip Toys (Lowellville, OH)","1197 Debeljak Avenue","Unit 143","Lowellville","OH"
"438","Wingtip Toys (Lucasville, OH)","857 Bose Avenue","Unit 47","Lucasville","OH"
"980","Om Yadav","419 Brkic Crescent","Shop 13","Lunds","WI"
"586","Wingtip Toys (Lynne, FL)","167 Kubatova Lane","Shop 204","Lynne","FL"
"466","Wingtip Toys (Lytle, TX)","882 Bhuiyan Crescent","Unit 95","Lytle","TX"
"69","Tailspin Toys (Lytle Creek, CA)","1204 Grgic Lane","Unit 134","Lytle Creek","CA"
"66","Tailspin Toys (Madaket, MA)","1052 Hoa Lane","Suite 2","Madaket","MA"
"820","Knut Svensson","305 Lepp Street","Unit 30","Madison Park","NJ"
"172","Tailspin Toys (Madrone, NM)","1520 Podnieks Road","Shop 283","Madrone","NM"
"197","Tailspin Toys (Magalia, CA)","103 Pulido Road","Suite 176","Magalia","CA"
"467","Wingtip Toys (Mahaffey, PA)","1947 ozCelik Road","Shop 93","Mahaffey","PA"
"1092","Cristina Angelo","1264 Aishwarya Lane","Unit 29","Maiden","NC"
"878","Miriam House","604 Klaus Street","Shop 18","Makoti","ND"
"176","Tailspin Toys (Malott, WA)","680 Kallas Boulevard","Shop 287","Malott","WA"
"874","Daniel Martensson","622 Pavel Boulevard","Shop 21","Mamou","LA"
"145","Tailspin Toys (Manahawkin, NJ)","726 Roy Boulevard","Suite 203","Manahawkin","NJ"
"97","Tailspin Toys (Manchester Center, VT)","611 Todorovic Avenue","Shop 264","Manchester Center","VT"
"130","Tailspin Toys (Maple Shade, NJ)","81 Banerjee Crescent","Suite 271","Maple Shade","NJ"
"58","Tailspin Toys (Mappsburg, VA)","1736 Han Avenue","Shop 177","Mappsburg","VA"
"153","Tailspin Toys (Marcell, MN)","1952 Laramee Street","Suite 130","Marcell","MN"
"877","Leyla Siavashi","1187 L'Angelier Road","Suite 14","Marcella","NJ"
"594","Wingtip Toys (Marfa, TX)","607 Szolosy Street","Shop 55","Marfa","TX"
"843","Marija Justina Pasek","360 Formanek Crescent","Unit 23","Marguerite","PA"
"573","Wingtip Toys (Marin City, CA)","1320 Mittal Boulevard","Unit 64","Marin City","CA"
"996","Laszlo Gardenier","1739 Matos Lane","Unit 6","Marion Hill","PA"
"561","Wingtip Toys (Marion Junction, AL)","1444 Leigh Crescent","Shop 88","Marion Junction","AL"
"1063","Antonio Carlos Rocha","1702 Dhir Road","Suite 22","Marion Junction","AL"
"836","Abel Spirlea","1446 Jelic Crescent","Unit 19","Markville","MN"
"954","Nasrin Omidzadeh","588 Cirulis Lane","Suite 12","Mary Esther","FL"
"953","Linh Dao","1407 Kommineni Street","Shop 4","Mashulaville","MS"
"1065","Catherine Potts","1958 Robert Avenue","Unit 6","Massies Mill","VA"
"484","Wingtip Toys (Mauldin, SC)","261 Celmina Street","Suite 250","Mauldin","SC"
"460","Wingtip Toys (Mayhill, NM)","898 Kim Boulevard","Suite 11","Mayhill","NM"
"32","Tailspin Toys (Maypearl, TX)","1119 Friar Boulevard","Suite 157","Maypearl","TX"
"590","Wingtip Toys (McAdenville, NC)","1654 Duong Lane","Shop 214","McAdenville","NC"
"965","Phoung Cu","1380 Kalnina Crescent","Shop 10","McCall","ID"
"166","Tailspin Toys (McCamey, TX)","1556 Barua Boulevard","Suite 116","McCamey","TX"
"880","Edmee Glissen","1092 Pavlovic Lane","Shop 9","McCammon","ID"
"122","Tailspin Toys (McClave, CO)","1748 Aalto Crescent","Unit 23","McClave","CO"
"883","Radha Barua","1949 Kotadia Road","Unit 7","McQueen","OK"
"870","In-Su Bae","353 Gomes Avenue","Shop 10","Meadowdale","WA"
"1044","Hanita Nookala","835 Kamala Lane","Shop 27","Meaux","LA"
"4","Tailspin Toys (Medicine Lodge, KS)","967 Riutta Boulevard","Suite 164","Medicine Lodge","KS"
"559","Wingtip Toys (Mendoza, TX)","1448 Brasseur Boulevard","Unit 42","Mendoza","TX"
"541","Wingtip Toys (Mickleton, NJ)","1679 Modi Lane","Unit 107","Mickleton","NJ"
"973","Kumar Kamei","1742 Valbe Avenue","Suite 25","Middleway","WV"
"1060","Anand Mudaliyar","1235 Lana Lane","Shop 10","Midland","WA"
"1085","Dhirendro Ghatak","267 Theresa Avenue","Unit 14","Midway","NC"
"479","Wingtip Toys (Mier, IN)","257 Gunes Avenue","Unit 41","Mier","IN"
"502","Wingtip Toys (Miesville, MN)","1785 Narkbunnum Road","Shop 156","Miesville","MN"
"129","Tailspin Toys (Mineral Hills, MI)","1421 Radoncis Road","Unit 38","Mineral Hills","MI"
"132","Tailspin Toys (Minidoka, ID)","585 Dao Lane","Suite 84","Minidoka","ID"
"574","Wingtip Toys (Molalla, OR)","550 Alexandrova Lane","Suite 207","Molalla","OR"
"582","Wingtip Toys (Montoya, NM)","780 Rusl Boulevard","Shop 299","Montoya","NM"
"407","Wingtip Toys (Mooringsport, LA)","104 Nutiu Crescent","Unit 248","Mooringsport","LA"
"873","Hana Hlouskova","1826 Semjonov Boulevard","Suite 10","Moquino","NM"
"556","Wingtip Toys (Morita, TX)","598 Ilic Road","Suite 54","Morita","TX"
"1032","Som Mukherjee","263 Meredith Crescent","Suite 13","Moroni","UT"
"550","Wingtip Toys (Morrison Bluff, AR)","645 Khalsa Boulevard","Shop 284","Morrison Bluff","AR"
"491","Wingtip Toys (Morton Grove, IL)","1284 Lovric Lane","Unit 165","Morton Grove","IL"
"136","Tailspin Toys (Mount Montgomery, NV)","1909 Cosic Crescent","Shop 284","Mount Montgomery","NV"
"866","Jay Bhuiyan","130 Seleznyov Street","Suite 22","Mount Pocono","PA"
"450","Wingtip Toys (Mount Summit, IN)","1033 Lindqvist Road","Suite 94","Mount Summit","IN"
"49","Tailspin Toys (Muir, MI)","1148 Khalsa Boulevard","Shop 37","Muir","MI"
"581","Wingtip Toys (Munich, ND)","1167 Thota Street","Shop 283","Munich","ND"
"422","Wingtip Toys (Naches, WA)","323 Buecek Crescent","Unit 42","Naches","WA"
"939","Ioana Florea","999 Dumina Avenue","Suite 28","Nahant","MA"
"53","Tailspin Toys (Nanafalia, AL)","1729 Dey Road","Suite 217","Nanafalia","AL"
"194","Tailspin Toys (Naples Park, FL)","1724 Chatterjee Avenue","Shop 172","Naples Park","FL"
"138","Tailspin Toys (Navassa, NC)","333 Shasthri Road","Suite 231","Navassa","NC"
"416","Wingtip Toys (Necedah, WI)","1732 Diaz Road","Unit 41","Necedah","WI"
"916","Pinja Jantunen","660 Mottola Avenue","Shop 26","Nehawka","NE"
"914","Chandana Shasthri","813 Seleznyov Avenue","Unit 8","Nesmith","SC"
"9","Tailspin Toys (Netcong, NJ)","25 Kasesalu Street","Shop 33","Netcong","NJ"
"70","Tailspin Toys (New Baden, IL)","98 Cetinkaya Street","Unit 7","New Baden","IL"
"838","Pavel Bogdanov","613 senturk Lane","Unit 4","New Braintree","MA"
"557","Wingtip Toys (New Laguna, NM)","1687 Ornlamai Lane","Suite 185","New Laguna","NM"
"86","Tailspin Toys (New Lexington, OH)","902 Ganguly Street","Unit 102","New Lexington","OH"
"1069","Celik TunC","378 Leticia Street","Suite 4","New Limerick","ME"
"885","Chandrashekhar Dasgupta","1375 Rusl Boulevard","Suite 8","New Plymouth","ID"
"845","Emilie Hrdlickova","1873 Dewangan Avenue","Unit 27","New Zion","SC"
"1007","Irma Berzina","932 Deeptendu Crescent","Suite 29","Newberg","OR"
"957","Hee-Young Suh","617 Polaskova Boulevard","Suite 23","Nicasio","CA"
"533","Wingtip Toys (Nichols Hills, OK)","880 Mannik Lane","Shop 131","Nichols Hills","OK"
"1045","Matteo Cattaneo","1319 Kristiina Lane","Shop 2","Nicholson","GA"
"819","Santiago Vera","1864 Havzija Crescent","Suite 17","Nitro","WV"
"506","Wingtip Toys (North Beach Haven, NJ)","659 Mookjai Road","Shop 54","North Beach Haven","NJ"
"861","Amarasimha Vinjamuri","1078 Hosseini Boulevard","Shop 5","North Brookfield","MA"
"65","Tailspin Toys (North Cowden, TX)","402 Nan Road","Suite 18","North Cowden","TX"
"110","Tailspin Toys (North Crows Nest, IN)","1191 Min Avenue","Suite 73","North Crows Nest","IN"
"926","Richard Friar","80 Gupta Avenue","Shop 21","North Eastham","MA"
"977","Mauno Laurila","1906 Shenoy Lane","Suite 2","North Eaton","OH"
"511","Wingtip Toys (North Manitou, MI)","1745 Penttila Road","Unit 115","North Manitou","MI"
"922","Sumati Chatterjee","1643 Mitra Avenue","Unit 10","North Muskegon","MI"
"28","Tailspin Toys (North Ridge, NY)","890 Hlouskova Avenue","Unit 40","North Ridge","NY"
"931","Nada Jovanovic","926 Shakiba Crescent","Shop 19","North York","PA"
"934","Ivan Sepulveda","548 Bures Crescent","Shop 7","Northrop","MN"
"539","Wingtip Toys (Nuangola, PA)","148 Dellucci Boulevard","Shop 258","Nuangola","PA"
"588","Wingtip Toys (Oak Point, TX)","1648 Mitra Lane","Unit 90","Oak Point","TX"
"911","Liidia Lepp","824 Omelkova Street","Suite 7","Oakpark","VA"
"1006","Taj Syme","1864 Rohan Road","Unit 27","Oakshade","OH"
"498","Wingtip Toys (Obetz, OH)","1168 Jovicevic Boulevard","Shop 241","Obetz","OH"
"500","Wingtip Toys (Obion, TN)","1041 Khalsa Crescent","Shop 113","Obion","TN"
"995","Kumar Naicker","1012 Sidhu Street","Suite 11","Oconto Falls","WI"
"811","Surendra Sahu","1118 Hanak Lane","Shop 2","Old River-Winfree","TX"
"925","Can ozcan","618 Cervenkova Boulevard","Suite 10","Oley","PA"
"41","Tailspin Toys (Olivette, MO)","1638 Couet Street","Suite 262","Olivette","MO"
"531","Wingtip Toys (Omer, MI)","1855 Mitra Avenue","Shop 261","Omer","MI"
"465","Wingtip Toys (Oologah, OK)","176 Zvirbule Crescent","Shop 214","Oologah","OK"
"192","Tailspin Toys (Optimo, NM)","978 Edden Street","Shop 264","Optimo","NM"
"191","Tailspin Toys (Orchard Hill, GA)","946 Reddy Street","Suite 169","Orchard Hill","GA"
"401","Wingtip Toys (Head Office)","1263 Kwak Lane","Shop 294","Orchard Mesa","CO"
"409","Wingtip Toys (Orick, CA)","1612 TunC Avenue","Unit 301","Orick","CA"
"111","Tailspin Toys (Oriole Beach, FL)","53 Jeon Boulevard","Suite 223","Oriole Beach","FL"
"1057","Ganesh Majumdar","162 Stern Crescent","Shop 25","Orland Hills","IL"
"898","Gopalgobinda Sikdar","1928 Kask Crescent","Shop 17","Orpha","WY"
"177","Tailspin Toys (Orrtanna, PA)","185 Saikkonen Avenue","Suite 93","Orrtanna","PA"
"171","Tailspin Toys (Ortley Beach, NJ)","834 Mookjai Avenue","Shop 83","Ortley Beach","NJ"
"1025","Tuulikki Linna","25 Darakhshan Road","Suite 20","Otterville","IL"
"1073","Lucia Hinojosa","1212 Kunal Boulevard","Shop 11","Ottumwa","SD"
"895","Geza Roman","368 Tatarescu Street","Suite 24","Oval","PA"
"568","Wingtip Toys (Ovilla, TX)","519 Deslauriers Street","Suite 158","Ovilla","TX"
"79","Tailspin Toys (Page City, KS)","1000 Sykorova Boulevard","Suite 4","Page City","KS"
"834","Cong Hoa","580 Poddar Lane","Unit 21","Palatine Bridge","NY"
"560","Wingtip Toys (Palmas del Mar, PR)","148 Ch??vez Street","Suite 72","Palmas del Mar","PR"
"1050","Amrita Ganguly","1064 Eugen Lane","Suite 5","Palmas del Mar","PR"
"163","Tailspin Toys (Panaca, NV)","155 Jantunen Boulevard","Shop 236","Panaca","NV"
"809","Madhu Dwivedi","1808 Sagese Crescent","Shop 5","Panton","VT"
"998","Mahavir Sonkar","732 Petrov Avenue","Unit 7","Pastura","NM"
"428","Wingtip Toys (Paw Paw Lake, MI)","1097 Grabensek Street","Shop 245","Paw Paw Lake","MI"
"571","Wingtip Toys (Pawlet, VT)","279 Flamand Boulevard","Unit 55","Pawlet","VT"
"3","Tailspin Toys (Peeples Valley, AZ)","1970 Khandke Road","Unit 217","Peeples Valley","AZ"
"404","Wingtip Toys (Penns Creek, PA)","834 Poddar Avenue","Suite 191","Penns Creek","PA"
"1082","Dhanya Mokkapati","1913 Shobha Street","Unit 28","Perley","MN"
"814","Johanna Hoornstra","285 Dupuy Street","Suite 13","Petronila","TX"
"958","Valentin Tirlea","1356 Dao Avenue","Suite 23","Pharr","TX"
"969","Staffan Persson","1532 Dewangan Street","Suite 8","Phelps City","MO"
"512","Wingtip Toys (Philip, SD)","761 Kellnerova Avenue","Suite 115","Philip","SD"
"494","Wingtip Toys (Pikeview, CO)","1726 Zahradnicek Crescent","Suite 297","Pikeview","CO"
"186","Tailspin Toys (Placer, OR)","1151 De Boulevard","Unit 222","Placer","OR"
"534","Wingtip Toys (Plaquemine, LA)","384 Yadav Boulevard","Shop 79","Plaquemine","LA"
"587","Wingtip Toys (Plata, TX)","904 Saucier Road","Unit 167","Plata","TX"
"483","Wingtip Toys (Plum Branch, SC)","593 Huq Avenue","Suite 275","Plum Branch","SC"
"127","Tailspin Toys (Point Roberts, WA)","70 Nishad Avenue","Unit 187","Point Roberts","WA"
"940","Lorin Astrom","487 Prabhup??da Lane","Shop 19","Port Alto","TX"
"929","Vladimir Henzl","250 Torres Road","Shop 15","Port Chilkoot","AK"
"496","Wingtip Toys (Port Hueneme, CA)","1171 Sikdar Avenue","Shop 27","Port Hueneme","CA"
"1076","Gagan Sengupta","82 Tomo Boulevard","Unit 24","Port Jefferson","OH"
"457","Wingtip Toys (Portales, NM)","349 Kozakova Boulevard","Unit 133","Portales","NM"
"188","Tailspin Toys (Premont, TX)","54 Matos Street","Unit 296","Premont","TX"
"978","Baalaamjali Devulapalli","1123 Thakur Road","Shop 14","Puerto de Luna","NM"
"403","Wingtip Toys (Queen Valley, AZ)","1750 Lampsa Road","Suite 56","Queen Valley","AZ"
"116","Tailspin Toys (Rafael Cap?, PR)","1268 Pakalapati Street","Unit 129","Rafael Cap?","PR"
"808","Jackson Kolios","1567 Couet Road","Shop 21","Rail Road Flat","CA"
"54","Tailspin Toys (Railroad, PA)","1032 Duperre Street","Suite 158","Railroad","PA"
"518","Wingtip Toys (Raton, NM)","1652 Goransson Lane","Unit 7","Raton","NM"
"825","Jayanta Thakur","279 Nakhtare Boulevard","Suite 17","Raven","VA"
"1026","Daniella Cavalcante","854 Chin-Sun Street","Shop 22","Ravia","OK"
"1008","Vedrana Kovacevic","1195 Sophia Crescent","Shop 31","Reader","AR"
"956","Nhung Thach","198 Benjaree Road","Suite 4","Red Mesa","AZ"
"528","Wingtip Toys (Rich Creek, VA)","727 Yavuz Street","Suite 238","Rich Creek","VA"
"1027","Serdar ozden","1045 Margherita Lane","Shop 16","Richland","IA"
"471","Wingtip Toys (Ridgemark, CA)","1795 Pullela Street","Shop 179","Ridgemark","CA"
"1037","David Jaramillo","1951 Victoria Avenue","Shop 12","Ridgeway","SC"
"1066","Ashutosh Bandopadhyay","1912 Ji-min Crescent","Shop 23","Riverton","IL"
"942","Chaayaadaevi Sonti","701 Sedlar Boulevard","Suite 13","Roachtown","IL"
"1068","Aleksandra Abola","1361 Kanti Avenue","Shop 30","Robbinsville","NC"
"1055","Adriana Pena","121 Valentina Road","Shop 17","Roberta Mill","NC"
"882","Maryann Huddleston","1722 Dixit Road","Unit 9","Robertsburg","WV"
"521","Wingtip Toys (Robertsdale, AL)","1856 Poddar Street","Shop 276","Robertsdale","AL"
"167","Tailspin Toys (Rockwall, TX)","1492 Lanctot Crescent","Unit 211","Rockwall","TX"
"408","Wingtip Toys (Rockwall, TX)","1414 Correa Road","Shop 141","Rockwall","TX"
"123","Tailspin Toys (Roe Park, NY)","528 Persson Road","Shop 219","Roe Park","NY"
"1054","Emma Salpa","105 Jitka Street","Suite 4","Rogersville","AL"
"431","Wingtip Toys (Rosa S?nchez, PR)","583 Aluri Road","Unit 193","Rosa S?nchez","PR"
"414","Wingtip Toys (Rose Tree, PA)","1837 Vasiljevic Boulevard","Unit 212","Rose Tree","PA"
"164","Tailspin Toys (Rothsville, PA)","1840 Roman Road","Unit 88","Rothsville","PA"
"56","Tailspin Toys (Royal City, WA)","1098 Tatarescu Lane","Shop 20","Royal City","WA"
"601","Wingtip Toys (Ruthsburg, MD)","688 senturk Crescent","Unit 123","Ruthsburg","MD"
"986","Neil Farrelly","730 Gungor Boulevard","Suite 17","Sabinsville","PA"
"446","Wingtip Toys (Saint Landry, LA)","782 Chakraborty Road","Unit 160","Saint Landry","LA"
"159","Tailspin Toys (Saint Louis Park, MN)","565 Singh Lane","Shop 258","Saint Louis Park","MN"
"1074","Zoltan Gero","447 Bholanath Avenue","Unit 29","Saint Matthews","KY"
"157","Tailspin Toys (Saks, AL)","1962 Celik Road","Suite 187","Saks","AL"
"112","Tailspin Toys (Sallyards, KS)","473 Kaulins Road","Unit 192","Sallyards","KS"
"448","Wingtip Toys (Salt Wells, NV)","1175 Moresby Street","Unit 20","Salt Wells","NV"
"175","Tailspin Toys (San Acacia, NM)","435 Lucchesi Boulevard","Shop 128","San Acacia","NM"
"472","Wingtip Toys (San Jacinto, CA)","820 Kubatova Road","Shop 170","San Jacinto","CA"
"891","Taneli Riutta","22 Thakur Boulevard","Unit 21","Sandy Level","VA"
"92","Tailspin Toys (Sans Souci, SC)","1889 Smirnov Road","Shop 104","Sans Souci","SC"
"580","Wingtip Toys (Sarversville, PA)","64 Jaramillo Avenue","Shop 55","Sarversville","PA"
"87","Tailspin Toys (Sauquoit, NY)","1484 Wintle Lane","Shop 282","Sauquoit","NY"
"1015","Isa Hulsegge","599 Margherita Boulevard","Suite 11","Saxapahaw","NC"
"489","Wingtip Toys (Sayner, WI)","1960 Pak Street","Unit 28","Sayner","WI"
"987","Akhil Nadar","372 Ghatak Crescent","Shop 6","Schaal","AR"
"542","Wingtip Toys (Schererville, IN)","147 Hadrabova Street","Unit 147","Schererville","IN"
"932","Nicolo Cattaneo","1126 Chakraborty Crescent","Unit 22","Schoharie","NY"
"1031","Dipti Shah","381 Hai Crescent","Unit 3","Scioto Furnace","OH"
"117","Tailspin Toys (Scofield, UT)","298 Bucco Lane","Suite 176","Scofield","UT"
"1040","Damodar Shenoy","1337 Koknesis Avenue","Suite 7","Scott","GA"
"976","Alinne Matos","244 Lieu Crescent","Suite 6","Sea Island","GA"
"168","Tailspin Toys (Seagraves, TX)","1216 Nilsson Crescent","Suite 228","Seagraves","TX"
"810","Alena Kellnerova","101 Jonsson Lane","Shop 29","Segundo","CO"
"851","Ebru Erdogan","1528 Dikshit Crescent","Shop 18","Seiling","OK"
"78","Tailspin Toys (Sekiu, WA)","1302 Jaunzems Lane","Suite 54","Sekiu","WA"
"67","Tailspin Toys (Sentinel Butte, ND)","1240 Utjesenovic Street","Unit 18","Sentinel Butte","ND"
"45","Tailspin Toys (Severna Park, MD)","384 Ang Road","Shop 214","Severna Park","MD"
"907","Eugen Agafitei","1627 Jakobsson Lane","Suite 5","Shawboro","NC"
"552","Wingtip Toys (Shay, PA)","1587 Olofsson Boulevard","Suite 140","Shay","PA"
"801","Eric Torres","1772 Allu Street","Unit 26","Shell","WY"
"993","Gasper Havzija","978 Saowaluk Crescent","Suite 31","Shell Knob","MO"
"920","Gayatri Gajula","1281 Lo Duca Avenue","Unit 19","Shenorock","NY"
"904","Olafs Rozitis","1114 Nakhtare Crescent","Unit 2","Sherwin","KS"
"1088","Baebeesaroejini Veturi","1363 Priya Road","Unit 31","Sibley","MO"
"1058","Jaroslav Fisar","1999 Ethan Road","Suite 30","Sigel","PA"
"505","Wingtip Toys (Silver Plume, CO)","1304 Hrdlickova Crescent","Unit 34","Silver Plume","CO"
"1091","Amrita Shetty","1369 Dilara Street","Shop 29","Silverville","PA"
"1081","Umut Acar","405 Debbie Avenue","Suite 21","Simpsons","VA"
"169","Tailspin Toys (Sinclair, WY)","391 Cindric Boulevard","Unit 88","Sinclair","WY"
"806","Shi Tu","808 Riutta Street","Suite 13","Sinclair","WY"
"201","Tailspin Toys (Skyway, WA)","658 Azevedo Lane","Unit 38","Skyway","WA"
"35","Tailspin Toys (Slanesville, WV)","1959 Sarma Road","Suite 150","Slanesville","WV"
"451","Wingtip Toys (Smoot, WY)","1854 Ankitham Avenue","Unit 16","Smoot","WY"
"917","Pari Hosseini","1164 Samaniego Avenue","Unit 24","Soham","NM"
"184","Tailspin Toys (South Euclid, OH)","862 Tomek Avenue","Unit 31","South Euclid","OH"
"96","Tailspin Toys (South La Paloma, TX)","1377 Tirlea Avenue","Shop 2","South La Paloma","TX"
"109","Tailspin Toys (South Laguna, CA)","939 Sanyal Crescent","Unit 174","South Laguna","CA"
"937","Manca Hrastovsek","685 Pavel Road","Unit 15","Southside","AL"
"826","Leila Carvalho","1051 Nutiu Road","Suite 24","Spillertown","IL"
"850","Daakshaayaani Sankaramanchi","1529 Gupta Lane","Unit 12","Spillville","IA"
"1021","Fabrice Cloutier","667 Sandhya Lane","Suite 14","Staley","NC"
"63","Tailspin Toys (Stallion Springs, CA)","1199 Cerkez Street","Unit 175","Stallion Springs","CA"
"453","Wingtip Toys (Stanardsville, VA)","1316 Agafitei Road","Suite 124","Stanardsville","VA"
"119","Tailspin Toys (Statenville, GA)","974 Javan Avenue","Shop 44","Statenville","GA"
"478","Wingtip Toys (Stoneboro, PA)","393 Williams Avenue","Suite 105","Stoneboro","PA"
"13","Tailspin Toys (Stonefort, IL)","1492 Shah Road","Suite 185","Stonefort","IL"
"513","Wingtip Toys (Straughn, IN)","299 Bae Road","Suite 265","Straughn","IN"
"152","Tailspin Toys (Sun River, MT)","1229 Bordelon Lane","Unit 249","Sun River","MT"
"468","Wingtip Toys (Sunburg, MN)","1356 Molina Crescent","Unit 234","Sunburg","MN"
"884","Anindya Ghatak","1957 Nantakarn Avenue","Unit 17","Switz City","IN"
"2","Tailspin Toys (Sylvanite, MT)","705 Dita Lane","Shop 245","Sylvanite","MT"
"455","Wingtip Toys (Taft Heights, CA)","1772 Fallaci Crescent","Shop 121","Taft Heights","CA"
"827","Crina Grasu","1538 Lampsa Road","Shop 14","Tamora","NE"
"1038","Damodara Trivedi","682 Shantanu Boulevard","Shop 23","Tarzan","TX"
"134","Tailspin Toys (Tavares, FL)","1687 Valbe Avenue","Shop 82","Tavares","FL"
"444","Wingtip Toys (Tea, SD)","1362 Chu Crescent","Shop 228","Tea","SD"
"936","Ludmila Smidova","413 Wattanasin Boulevard","Unit 31","Tempe","AZ"
"813","Shyam Poddar","130 Gallo Avenue","Unit 19","Tenstrike","MN"
"803","Bala Dixit","844 Magnusson Lane","Unit 7","Termo","CA"
"135","Tailspin Toys (Terre du Lac, MO)","171 Bite Lane","Suite 93","Terre du Lac","MO"
"190","Tailspin Toys (Teutopolis, IL)","1171 Lukstina Road","Unit 103","Teutopolis","IL"
"435","Wingtip Toys (Teutopolis, IL)","1871 Grabensek Road","Unit 83","Teutopolis","IL"
"902","Kamila Michnova","729 Van Lier Street","Unit 19","The Colony","TX"
"183","Tailspin Toys (Tierra Verde, FL)","927 Yadav Street","Unit 286","Tierra Verde","FL"
"822","Suparna Bhattacharya","680 Parkar Lane","Unit 30","Tiff City","MO"
"564","Wingtip Toys (Tilleda, WI)","1968 Necesana Street","Suite 174","Tilleda","WI"
"871","Darshana Madhunapantula","374 Cheema Street","Shop 6","Tolchester Beach","MD"
"90","Tailspin Toys (Tolna, ND)","777 Vassiljev Street","Unit 91","Tolna","ND"
"828","Sercan Celik","802 Mokkapati Road","Shop 23","Tolono","IL"
"105","Tailspin Toys (Tomnolen, MS)","1158 Hrastovsek Boulevard","Unit 60","Tomnolen","MS"
"200","Tailspin Toys (Tooele, UT)","691 Sonkar Avenue","Suite 264","Tooele","UT"
"165","Tailspin Toys (Topstone, CT)","1399 Mukherjee Avenue","Suite 271","Topstone","CT"
"946","David safranek","974 Mazzanti Avenue","Shop 7","Toughkenamon","PA"
"585","Wingtip Toys (Towaco, NJ)","747 Acar Crescent","Unit 12","Towaco","NJ"
"1041","Tomo Vidovic","296 Anima Boulevard","Shop 14","Tremont","ME"
"48","Tailspin Toys (Trentwood, WA)","197 Jaramillo Street","Shop 40","Trentwood","WA"
"21","Tailspin Toys (Tresckow, PA)","640 Chakraborty Street","Shop 147","Tresckow","PA"
"535","Wingtip Toys (Triadelphia, WV)","599 Huiting Lane","Suite 212","Triadelphia","WV"
"964","Ingrida Zeltina","1300 Sonkar Road","Suite 24","Trilby","FL"
"572","Wingtip Toys (Trout Run, PA)","787 Sarkar Street","Unit 190","Trout Run","PA"
"575","Wingtip Toys (Trumansburg, NY)","178 Bhogireddy Boulevard","Shop 227","Trumansburg","NY"
"413","Wingtip Toys (Truscott, TX)","1572 Mudaliyar Lane","Suite 14","Truscott","TX"
"975","Prabodh Nair","1977 Du Road","Suite 30","Tschetter Colony","SD"
"106","Tailspin Toys (Tumacacori, AZ)","1991 Clark Street","Unit 23","Tumacacori","AZ"
"100","Tailspin Toys (Tunnelhill, PA)","301 Nechita Avenue","Shop 6","Tunnelhill","PA"
"406","Wingtip Toys (Tuscaloosa, AL)","581 Ioveanu Crescent","Suite 287","Tuscaloosa","AL"
"835","Dominic Davignon","1384 Dupuy Street","Suite 16","Twin Peaks","CA"
"918","Isidora Morales","1633 Kanaparthi Lane","Shop 12","Twodot","MT"
"470","Wingtip Toys (Universal City, TX)","1521 Phan Crescent","Unit 40","Universal City","TX"
"43","Tailspin Toys (Upper Preston, WA)","980 Preda Crescent","Suite 105","Upper Preston","WA"
"461","Wingtip Toys (Vair, TX)","75 Chang Crescent","Shop 59","Vair","TX"
"80","Tailspin Toys (Valdese, NC)","199 Das Street","Suite 127","Valdese","NC"
"503","Wingtip Toys (Valhalla, NC)","1127 Vosnik Road","Suite 66","Valhalla","NC"
"846","Malorie Bousquet","852 Ribeiro Avenue","Suite 16","Valley View Park","CA"
"432","Wingtip Toys (Vamo, FL)","1523 Lukes Lane","Unit 102","Vamo","FL"
"994","Libuse Kuchtova","364 Thai Lane","Unit 31","Van Alstyne","TX"
"118","Tailspin Toys (Vassalboro, ME)","900 Thota Boulevard","Unit 234","Vassalboro","ME"
"947","Svetlana Todorovic","731 Szolosy Crescent","Suite 14","Venersborg","WA"
"497","Wingtip Toys (Verdery, SC)","1774 Ch??vez Road","Shop 144","Verdery","SC"
"1090","David Serbanescu","1870 Bahaar Lane","Suite 13","Vernon","WI"
"89","Tailspin Toys (Victory Gardens, NJ)","249 Arvidsson Avenue","Shop 7","Victory Gardens","NJ"
"185","Tailspin Toys (Vidrine, LA)","920 Nesic Street","Suite 174","Vidrine","LA"
"1067","Falgun Bagchi","878 Edmee Crescent","Shop 28","Village Mills","TX"
"1089","Marcela Mencikova","894 Lien Street","Unit 6","Vincent","IA"
"1016","Aive Petrov","1377 Marten Street","Unit 26","Virgil","KS"
"992","Amarakumaar Gadiyaram","1575 Bhattacharya Lane","Shop 10","Vollmar","CO"
"875","Philip Walker","1555 Penttila Road","Suite 12","Waite Hill","OH"
"982","Yves Belisle","1530 Ngo Boulevard","Unit 22","Walapai","AZ"
"1048","Abhra Ganguly","1841 Marcello Crescent","Unit 31","Walker Valley","NY"
"104","Tailspin Toys (Wallagrass, ME)","1898 Kasesalu Boulevard","Unit 206","Wallagrass","ME"
"807","Gunnar Lohmus","31 Bagchi Avenue","Shop 31","Wanaque","NJ"
"480","Wingtip Toys (Wapinitia, OR)","1525 Benjaree Crescent","Shop 119","Wapinitia","OR"
"565","Wingtip Toys (Wapiti, WY)","899 Valentova Road","Shop 266","Wapiti","WY"
"173","Tailspin Toys (Wappingers Falls, NY)","822 Shasthri Road","Unit 235","Wappingers Falls","NY"
"22","Tailspin Toys (Ward Ridge, FL)","73 Berg Crescent","Shop 26","Ward Ridge","FL"
"562","Wingtip Toys (Ware Shoals, SC)","940 Rosberg Street","Suite 47","Ware Shoals","SC"
"1011","Rajeev Sandhu","1768 Suniti Road","Shop 9","Wasco","OR"
"963","Be Trang","33 Rezaei Boulevard","Unit 26","Watonga","OK"
"532","Wingtip Toys (Waycross, GA)","1275 Haldar Street","Suite 98","Waycross","GA"
"830","Jana Fialova","1261 Lo Road","Unit 20","Weigelstown","PA"
"540","Wingtip Toys (Weld, ME)","540 Buresova Road","Shop 237","Weld","ME"
"1005","Bhadram Kamasamudram","94 Selma Road","Shop 3","Wells","VT"
"1004","Drishti Bose","262 Seo-yun Boulevard","Shop 12","Wesson","AR"
"893","Leyla Asef zade","11 Mihajlovik Crescent","Suite 12","West Elkton","OH"
"569","Wingtip Toys (West Frostproof, FL)","692 Barney Lane","Shop 39","West Frostproof","FL"
"456","Wingtip Toys (West Hempstead, NY)","1605 Leigh Road","Unit 2","West Hempstead","NY"
"833","Devraj Rao","611 Shasthri Avenue","Unit 12","Westwater","UT"
"481","Wingtip Toys (White Church, MO)","1410 Shergill Lane","Suite 283","White Church","MO"
"945","Hoc Tran","1634 Sen Street","Shop 19","White Horse Beach","MA"
"189","Tailspin Toys (Wilkes-Barre, PA)","1847 Alladi Street","Suite 49","Wilkes-Barre","PA"
"426","Wingtip Toys (Willow Valley, AZ)","2001 Lee Boulevard","Unit 294","Willow Valley","AZ"
"10","Tailspin Toys (Wimbledon, ND)","372 Joo Lane","Unit 67","Wimbledon","ND"
"75","Tailspin Toys (Windsor Locks, CT)","605 Prieditis Lane","Unit 276","Windsor Locks","CT"
"847","Kristiina Ivanov","1505 Stojkovic Street","Unit 6","Wounded Knee","SD"
"881","Magdalena Michnova","464 Mutlu Lane","Unit 13","Wrangell","AK"
"1028","Emma Van Zant","1197 Uma Road","Shop 21","Wray","CO"
"1035","Manjunatha Karnik","1768 Kwanjai Crescent","Suite 8","Wright City","OK"
"912","Volkan senturk","283 Berzins Avenue","Suite 27","Wyndham","VA"
"418","Wingtip Toys (Yaak, MT)","1588 Kohout Crescent","Unit 144","Yaak","MT"
"1049","Amet Shergill","1527 Milada Lane","Suite 19","Yampa","CO"
"999","Kristi Part","348 Putkonen Avenue","Unit 26","Yerington","NV"
"858","Bimla Prabhup??da","138 Jandhyala Lane","Shop 7","Yermo","CA"
"76","Tailspin Toys (Yewed, OK)","210 safranek Lane","Unit 266","Yewed","OK"
"989","Milinka Zujovic","1941 Piili Lane","Shop 13","Zurich","KS"
